target,model,feature,display_feature,importance,method,rank
target_aqi_24h,random_forest,us_aqi,US AQI,2.404575743446203,mean_abs_shap,1
target_aqi_24h,random_forest,day_of_month,Day of month,1.8572588712364895,mean_abs_shap,2
target_aqi_24h,random_forest,temperature_2m_rolling_std_72h,Temperature rolling std 72h,1.5533273989145342,mean_abs_shap,3
target_aqi_24h,random_forest,pm10_rolling_mean_24h,PM10 rolling mean 24h,0.9271071332081322,mean_abs_shap,4
target_aqi_24h,random_forest,us_aqi_rolling_std_48h,US AQI rolling std 48h,0.7018283257637888,mean_abs_shap,5
target_aqi_24h,random_forest,pm2_5_rolling_mean_24h,PM2.5 rolling mean 24h,0.6350014374538682,mean_abs_shap,6
target_aqi_24h,random_forest,sulphur_dioxide_lag_72h,SO2 lag 72h,0.5392879677162005,mean_abs_shap,7
target_aqi_24h,random_forest,wind_speed_10m_rolling_mean_12h,Wind speed rolling mean 12h,0.40209871895077964,mean_abs_shap,8
target_aqi_24h,random_forest,wind_speed_10m_rolling_mean_24h,Wind speed rolling mean 24h,0.3927257491949701,mean_abs_shap,9
target_aqi_24h,random_forest,temperature_2m_rolling_mean_24h,Temperature rolling mean 24h,0.3709188907717477,mean_abs_shap,10
target_aqi_24h,random_forest,temperature_2m_rolling_std_48h,Temperature rolling std 48h,0.3103973969699031,mean_abs_shap,11
target_aqi_24h,random_forest,us_aqi_lag_48h,US AQI lag 48h,0.29015032479050057,mean_abs_shap,12
target_aqi_24h,random_forest,temperature_2m_rolling_std_24h,Temperature rolling std 24h,0.251052055615109,mean_abs_shap,13
target_aqi_24h,random_forest,pm10_rolling_mean_72h,PM10 rolling mean 72h,0.21501254880833434,mean_abs_shap,14
target_aqi_24h,random_forest,pm10_rolling_mean_12h,PM10 rolling mean 12h,0.20804185458424215,mean_abs_shap,15
target_aqi_24h,random_forest,wind_speed_10m_rolling_mean_72h,Wind speed rolling mean 72h,0.17743706247845525,mean_abs_shap,16
target_aqi_24h,random_forest,us_aqi_rolling_std_72h,US AQI rolling std 72h,0.16495269996271303,mean_abs_shap,17
target_aqi_24h,random_forest,pressure_msl_lag_12h,Pressure lag 12h,0.15440840431261008,mean_abs_shap,18
target_aqi_24h,random_forest,wind_speed_10m_rolling_std_48h,Wind speed rolling std 48h,0.15388359697799983,mean_abs_shap,19
target_aqi_24h,random_forest,us_aqi_rolling_mean_72h,US AQI rolling mean 72h,0.13899892069079245,mean_abs_shap,20
target_aqi_24h,random_forest,us_aqi_lag_1h,US AQI lag 1h,0.11789614775201282,mean_abs_shap,21
target_aqi_24h,random_forest,wind_speed_10m_rolling_mean_48h,Wind speed rolling mean 48h,0.08322868685507916,mean_abs_shap,22
target_aqi_24h,random_forest,wind_speed_10m_rolling_mean_6h,Wind speed rolling mean 6h,0.07558410396374249,mean_abs_shap,23
target_aqi_24h,random_forest,pm10_rolling_std_24h,PM10 rolling std 24h,0.07272000795659087,mean_abs_shap,24
target_aqi_24h,random_forest,us_aqi_rolling_std_24h,US AQI rolling std 24h,0.059458102200362205,mean_abs_shap,25
target_aqi_24h,random_forest,us_aqi_rolling_mean_3h,US AQI rolling mean 3h,0.05661071577871228,mean_abs_shap,26
target_aqi_24h,random_forest,temperature_2m_rolling_mean_72h,Temperature rolling mean 72h,0.05037377214498716,mean_abs_shap,27
target_aqi_24h,random_forest,pm10_rolling_mean_48h,PM10 rolling mean 48h,0.04219350799921147,mean_abs_shap,28
target_aqi_24h,random_forest,pm10_rolling_std_48h,PM10 rolling std 48h,0.04170198875386001,mean_abs_shap,29
target_aqi_24h,random_forest,pressure_msl,Pressure,0.03583519358057271,mean_abs_shap,30
target_aqi_24h,random_forest,pm2_5_rolling_mean_48h,PM2.5 rolling mean 48h,0.03455683117214353,mean_abs_shap,31
target_aqi_24h,random_forest,pressure_msl_lag_1h,Pressure lag 1h,0.03250602549083765,mean_abs_shap,32
target_aqi_24h,random_forest,pressure_msl_lag_3h,Pressure lag 3h,0.03080367598031492,mean_abs_shap,33
target_aqi_24h,random_forest,temperature_2m_rolling_mean_48h,Temperature rolling mean 48h,0.03044921544731785,mean_abs_shap,34
target_aqi_24h,random_forest,pressure_msl_lag_6h,Pressure lag 6h,0.030059758924785872,mean_abs_shap,35
target_aqi_24h,random_forest,us_aqi_rolling_mean_24h,US AQI rolling mean 24h,0.029942361964701455,mean_abs_shap,36
target_aqi_24h,random_forest,pm2_5,PM2.5,0.026417375868240892,mean_abs_shap,37
target_aqi_24h,random_forest,aqi_change_24h,AQI change 24h,0.025226946664179108,mean_abs_shap,38
target_aqi_24h,random_forest,us_aqi_lag_72h,US AQI lag 72h,0.02414926543964931,mean_abs_shap,39
target_aqi_24h,random_forest,sulphur_dioxide_lag_12h,SO2 lag 12h,0.02391871455368046,mean_abs_shap,40
target_aqi_24h,random_forest,us_aqi_rolling_mean_48h,US AQI rolling mean 48h,0.023360704423429923,mean_abs_shap,41
target_aqi_24h,random_forest,pm2_5_rolling_mean_72h,PM2.5 rolling mean 72h,0.023223154559654156,mean_abs_shap,42
target_aqi_24h,random_forest,pm10_rolling_std_72h,PM10 rolling std 72h,0.020824418364744184,mean_abs_shap,43
target_aqi_24h,random_forest,day_of_week,Day of week,0.02022639709010679,mean_abs_shap,44
target_aqi_24h,random_forest,pm2_5_rolling_std_48h,PM2.5 rolling std 48h,0.019945772114599122,mean_abs_shap,45
target_aqi_24h,random_forest,wind_speed_10m_rolling_std_24h,Wind speed rolling std 24h,0.019226204394918196,mean_abs_shap,46
target_aqi_24h,random_forest,pressure_msl_lag_48h,Pressure lag 48h,0.01641548917214996,mean_abs_shap,47
target_aqi_24h,random_forest,pm2_5_rolling_std_72h,PM2.5 rolling std 72h,0.016326495337435673,mean_abs_shap,48
target_aqi_24h,random_forest,us_aqi_lag_24h,US AQI lag 24h,0.015652981645606804,mean_abs_shap,49
target_aqi_24h,random_forest,us_aqi_lag_12h,US AQI lag 12h,0.015300622780349563,mean_abs_shap,50
target_aqi_24h,random_forest,sulphur_dioxide,SO2,0.014918464964753091,mean_abs_shap,51
target_aqi_24h,random_forest,wind_speed_10m_rolling_std_72h,Wind speed rolling std 72h,0.014671500683009155,mean_abs_shap,52
target_aqi_24h,random_forest,us_aqi_rolling_std_12h,US AQI rolling std 12h,0.014206558041743214,mean_abs_shap,53
target_aqi_24h,random_forest,us_aqi_rolling_mean_6h,US AQI rolling mean 6h,0.013836109395056513,mean_abs_shap,54
target_aqi_24h,random_forest,sulphur_dioxide_lag_1h,SO2 lag 1h,0.013739021483809248,mean_abs_shap,55
target_aqi_24h,random_forest,wind_speed_10m_lag_24h,Wind speed lag 24h,0.013599268072127664,mean_abs_shap,56
target_aqi_24h,random_forest,us_aqi_rolling_mean_12h,US AQI rolling mean 12h,0.011742723454489542,mean_abs_shap,57
target_aqi_24h,random_forest,wind_speed_10m_lag_72h,Wind speed lag 72h,0.011454056753516776,mean_abs_shap,58
target_aqi_24h,random_forest,wind_direction_10m_lag_3h,Wind direction lag 3h,0.010527637825975543,mean_abs_shap,59
target_aqi_24h,random_forest,wind_direction_10m_lag_72h,Wind direction lag 72h,0.010361737476045496,mean_abs_shap,60
target_aqi_24h,random_forest,wind_speed_10m_lag_48h,Wind speed lag 48h,0.008707826332186202,mean_abs_shap,61
target_aqi_24h,random_forest,wind_speed_10m,Wind speed,0.008242536816648202,mean_abs_shap,62
target_aqi_24h,random_forest,wind_speed_10m_lag_12h,Wind speed lag 12h,0.008159401586287009,mean_abs_shap,63
target_aqi_24h,random_forest,pm2_5_rolling_std_24h,PM2.5 rolling std 24h,0.00790647484137093,mean_abs_shap,64
target_aqi_24h,random_forest,wind_speed_10m_lag_1h,Wind speed lag 1h,0.007842154557154745,mean_abs_shap,65
target_aqi_24h,random_forest,carbon_monoxide_lag_72h,CO lag 72h,0.007764469351244323,mean_abs_shap,66
target_aqi_24h,random_forest,ozone,ozone,0.00718250634521544,mean_abs_shap,67
target_aqi_24h,random_forest,cloud_cover_lag_6h,Cloud cover lag 6h,0.007120241683527993,mean_abs_shap,68
target_aqi_24h,random_forest,ozone_lag_24h,ozone lag 24h,0.006668794230243158,mean_abs_shap,69
target_aqi_24h,random_forest,pm2_5_rolling_std_12h,PM2.5 rolling std 12h,0.006525698104349499,mean_abs_shap,70
target_aqi_24h,random_forest,temperature_2m_lag_12h,Temperature lag 12h,0.006433917265977001,mean_abs_shap,71
target_aqi_24h,random_forest,pm2_5_rolling_mean_12h,PM2.5 rolling mean 12h,0.00633725648828787,mean_abs_shap,72
target_aqi_24h,random_forest,relative_humidity_2m_lag_6h,Humidity lag 6h,0.006314175872428061,mean_abs_shap,73
target_aqi_24h,random_forest,pm10,PM10,0.006187823801292048,mean_abs_shap,74
target_aqi_24h,random_forest,cloud_cover,Cloud cover,0.00606266118497932,mean_abs_shap,75
target_aqi_24h,random_forest,carbon_monoxide_lag_48h,CO lag 48h,0.006056216814573831,mean_abs_shap,76
target_aqi_24h,random_forest,sulphur_dioxide_lag_6h,SO2 lag 6h,0.005834137729080115,mean_abs_shap,77
target_aqi_24h,random_forest,temperature_2m,Temperature,0.00582770171227618,mean_abs_shap,78
target_aqi_24h,random_forest,sulphur_dioxide_lag_3h,SO2 lag 3h,0.005491062046755103,mean_abs_shap,79
target_aqi_24h,random_forest,wind_direction_10m_lag_12h,Wind direction lag 12h,0.0054678246941213295,mean_abs_shap,80
target_aqi_24h,random_forest,us_aqi_lag_6h,US AQI lag 6h,0.0054416732139963685,mean_abs_shap,81
target_aqi_24h,random_forest,temperature_2m_lag_6h,Temperature lag 6h,0.005193732109765593,mean_abs_shap,82
target_aqi_24h,random_forest,pm10_lag_12h,PM10 lag 12h,0.0051926222281368254,mean_abs_shap,83
target_aqi_24h,random_forest,pm2_5_lag_24h,PM2.5 lag 24h,0.004979669936756922,mean_abs_shap,84
target_aqi_24h,random_forest,is_weekend,is weekend,0.004955440383225813,mean_abs_shap,85
target_aqi_24h,random_forest,us_aqi_rolling_std_6h,US AQI rolling std 6h,0.0049198184130154555,mean_abs_shap,86
target_aqi_24h,random_forest,nitrogen_dioxide_lag_3h,NO2 lag 3h,0.0049170707257667635,mean_abs_shap,87
target_aqi_24h,random_forest,nitrogen_dioxide_lag_48h,NO2 lag 48h,0.0048912549309728555,mean_abs_shap,88
target_aqi_24h,random_forest,pm2_5_lag_72h,PM2.5 lag 72h,0.0048328621157629915,mean_abs_shap,89
target_aqi_24h,random_forest,pm10_rolling_mean_6h,PM10 rolling mean 6h,0.004770352821442593,mean_abs_shap,90
target_aqi_24h,random_forest,pm10_lag_72h,PM10 lag 72h,0.0046990224430745785,mean_abs_shap,91
target_aqi_24h,random_forest,pm10_lag_6h,PM10 lag 6h,0.004635782716338426,mean_abs_shap,92
target_aqi_24h,random_forest,wind_direction_10m_lag_1h,Wind direction lag 1h,0.004593822435834114,mean_abs_shap,93
target_aqi_24h,random_forest,wind_speed_10m_rolling_mean_3h,Wind speed rolling mean 3h,0.004562113642693252,mean_abs_shap,94
target_aqi_24h,random_forest,pm2_5_rolling_mean_6h,PM2.5 rolling mean 6h,0.0045176742414243095,mean_abs_shap,95
target_aqi_24h,random_forest,ozone_lag_1h,ozone lag 1h,0.00446621328830283,mean_abs_shap,96
target_aqi_24h,random_forest,wind_speed_10m_lag_6h,Wind speed lag 6h,0.004439079459190677,mean_abs_shap,97
target_aqi_24h,random_forest,temperature_2m_rolling_std_12h,Temperature rolling std 12h,0.004383769884496119,mean_abs_shap,98
target_aqi_24h,random_forest,ozone_lag_12h,ozone lag 12h,0.00423530639303262,mean_abs_shap,99
target_aqi_24h,random_forest,pm2_5_lag_6h,PM2.5 lag 6h,0.004229707149571416,mean_abs_shap,100
target_aqi_24h,random_forest,cloud_cover_lag_72h,Cloud cover lag 72h,0.004155041538770812,mean_abs_shap,101
target_aqi_24h,random_forest,pm2_5_lag_12h,PM2.5 lag 12h,0.0041003170321526105,mean_abs_shap,102
target_aqi_24h,random_forest,wind_speed_10m_lag_3h,Wind speed lag 3h,0.004008845830589936,mean_abs_shap,103
target_aqi_24h,random_forest,pm2_5_lag_3h,PM2.5 lag 3h,0.003925580965494518,mean_abs_shap,104
target_aqi_24h,random_forest,relative_humidity_2m,Humidity,0.0038832764939869774,mean_abs_shap,105
target_aqi_24h,random_forest,temperature_2m_rolling_mean_12h,Temperature rolling mean 12h,0.0038300822508783665,mean_abs_shap,106
target_aqi_24h,random_forest,temperature_2m_rolling_mean_6h,Temperature rolling mean 6h,0.0038214884767307144,mean_abs_shap,107
target_aqi_24h,random_forest,pm10_rolling_std_12h,PM10 rolling std 12h,0.00378674391181628,mean_abs_shap,108
target_aqi_24h,random_forest,wind_direction_10m,Wind direction,0.003752494608060581,mean_abs_shap,109
target_aqi_24h,random_forest,cloud_cover_lag_24h,Cloud cover lag 24h,0.003712653707205538,mean_abs_shap,110
target_aqi_24h,random_forest,carbon_monoxide,CO,0.0036210995125496703,mean_abs_shap,111
target_aqi_24h,random_forest,ozone_lag_48h,ozone lag 48h,0.003573265618684978,mean_abs_shap,112
target_aqi_24h,random_forest,temperature_2m_rolling_mean_3h,Temperature rolling mean 3h,0.003525666138002239,mean_abs_shap,113
target_aqi_24h,random_forest,us_aqi_lag_3h,US AQI lag 3h,0.003401199237603702,mean_abs_shap,114
target_aqi_24h,random_forest,nitrogen_dioxide_lag_72h,NO2 lag 72h,0.0033771924213631273,mean_abs_shap,115
target_aqi_24h,random_forest,wind_direction_10m_lag_6h,Wind direction lag 6h,0.0032929771856862497,mean_abs_shap,116
target_aqi_24h,random_forest,sulphur_dioxide_lag_24h,SO2 lag 24h,0.0032153095939231983,mean_abs_shap,117
target_aqi_24h,random_forest,sulphur_dioxide_lag_48h,SO2 lag 48h,0.0032087760267682707,mean_abs_shap,118
target_aqi_24h,random_forest,carbon_monoxide_lag_6h,CO lag 6h,0.0030787458629113742,mean_abs_shap,119
target_aqi_24h,random_forest,temperature_2m_lag_1h,Temperature lag 1h,0.0030649837156925814,mean_abs_shap,120
target_aqi_24h,random_forest,relative_humidity_2m_lag_48h,Humidity lag 48h,0.003009983832820737,mean_abs_shap,121
target_aqi_24h,random_forest,wind_speed_10m_rolling_std_12h,Wind speed rolling std 12h,0.0029891087657446525,mean_abs_shap,122
target_aqi_24h,random_forest,ozone_lag_6h,ozone lag 6h,0.0029705363933552643,mean_abs_shap,123
target_aqi_24h,random_forest,pm10_lag_1h,PM10 lag 1h,0.0029145668146608483,mean_abs_shap,124
target_aqi_24h,random_forest,pm2_5_lag_1h,PM2.5 lag 1h,0.002911961533247372,mean_abs_shap,125
target_aqi_24h,random_forest,pm10_lag_48h,PM10 lag 48h,0.002896371298048321,mean_abs_shap,126
target_aqi_24h,random_forest,ozone_lag_3h,ozone lag 3h,0.0028774197232854506,mean_abs_shap,127
target_aqi_24h,random_forest,pm10_lag_3h,PM10 lag 3h,0.0028538964747910497,mean_abs_shap,128
target_aqi_24h,random_forest,pressure_msl_lag_72h,Pressure lag 72h,0.0028459338749372808,mean_abs_shap,129
target_aqi_24h,random_forest,cloud_cover_lag_3h,Cloud cover lag 3h,0.0028357485484664254,mean_abs_shap,130
target_aqi_24h,random_forest,pm2_5_rolling_mean_3h,PM2.5 rolling mean 3h,0.0028212147677411058,mean_abs_shap,131
target_aqi_24h,random_forest,pm10_rolling_mean_3h,PM10 rolling mean 3h,0.0028111777446465625,mean_abs_shap,132
target_aqi_24h,random_forest,relative_humidity_2m_lag_1h,Humidity lag 1h,0.002785111516656426,mean_abs_shap,133
target_aqi_24h,random_forest,nitrogen_dioxide_lag_24h,NO2 lag 24h,0.002748424432411327,mean_abs_shap,134
target_aqi_24h,random_forest,cloud_cover_lag_1h,Cloud cover lag 1h,0.002734903468065526,mean_abs_shap,135
target_aqi_24h,random_forest,carbon_monoxide_lag_3h,CO lag 3h,0.002579304570084089,mean_abs_shap,136
target_aqi_24h,random_forest,temperature_2m_lag_24h,Temperature lag 24h,0.0025707795714139375,mean_abs_shap,137
target_aqi_24h,random_forest,wind_direction_10m_lag_24h,Wind direction lag 24h,0.0025518343913186665,mean_abs_shap,138
target_aqi_24h,random_forest,nitrogen_dioxide_lag_6h,NO2 lag 6h,0.0025362100154074883,mean_abs_shap,139
target_aqi_24h,random_forest,pressure_msl_lag_24h,Pressure lag 24h,0.002349371017293378,mean_abs_shap,140
target_aqi_24h,random_forest,pm10_lag_24h,PM10 lag 24h,0.0023120113865636284,mean_abs_shap,141
target_aqi_24h,random_forest,relative_humidity_2m_lag_12h,Humidity lag 12h,0.0021860784188116942,mean_abs_shap,142
target_aqi_24h,random_forest,hour,hour,0.00215676460241394,mean_abs_shap,143
target_aqi_24h,random_forest,temperature_2m_lag_48h,Temperature lag 48h,0.002137422240984437,mean_abs_shap,144
target_aqi_24h,random_forest,relative_humidity_2m_lag_72h,Humidity lag 72h,0.0020845966189777148,mean_abs_shap,145
target_aqi_24h,random_forest,month,month,0.0020792183148642986,mean_abs_shap,146
target_aqi_24h,random_forest,temperature_2m_lag_72h,Temperature lag 72h,0.0020637471050072285,mean_abs_shap,147
target_aqi_24h,random_forest,wind_direction_10m_lag_48h,Wind direction lag 48h,0.0020406516682943848,mean_abs_shap,148
target_aqi_24h,random_forest,pm2_5_lag_48h,PM2.5 lag 48h,0.0020364640828674867,mean_abs_shap,149
target_aqi_24h,random_forest,cloud_cover_lag_48h,Cloud cover lag 48h,0.0020138658994335477,mean_abs_shap,150
target_aqi_24h,random_forest,nitrogen_dioxide,NO2,0.0020015596814519426,mean_abs_shap,151
target_aqi_24h,random_forest,carbon_monoxide_lag_1h,CO lag 1h,0.0019781791006795754,mean_abs_shap,152
target_aqi_24h,random_forest,nitrogen_dioxide_lag_12h,NO2 lag 12h,0.001965198046563222,mean_abs_shap,153
target_aqi_24h,random_forest,ozone_lag_72h,ozone lag 72h,0.0019217762561201872,mean_abs_shap,154
target_aqi_24h,random_forest,carbon_monoxide_lag_12h,CO lag 12h,0.0018352137679905638,mean_abs_shap,155
target_aqi_24h,random_forest,wind_speed_10m_rolling_std_6h,Wind speed rolling std 6h,0.0017444469235148453,mean_abs_shap,156
target_aqi_24h,random_forest,relative_humidity_2m_lag_24h,Humidity lag 24h,0.001715872731427416,mean_abs_shap,157
target_aqi_24h,random_forest,relative_humidity_2m_lag_3h,Humidity lag 3h,0.0015997572679331176,mean_abs_shap,158
target_aqi_24h,random_forest,temperature_2m_lag_3h,Temperature lag 3h,0.0015852706361457432,mean_abs_shap,159
target_aqi_24h,random_forest,pm2_5_change_1h,PM2.5 change 1h,0.0014293488305266644,mean_abs_shap,160
target_aqi_24h,random_forest,nitrogen_dioxide_lag_1h,NO2 lag 1h,0.0013889969744583942,mean_abs_shap,161
target_aqi_24h,random_forest,pm2_5_rolling_std_3h,PM2.5 rolling std 3h,0.0013644224453665545,mean_abs_shap,162
target_aqi_24h,random_forest,carbon_monoxide_lag_24h,CO lag 24h,0.0012724921660273842,mean_abs_shap,163
target_aqi_24h,random_forest,pm10_rolling_std_3h,PM10 rolling std 3h,0.0012313996967978464,mean_abs_shap,164
target_aqi_24h,random_forest,cloud_cover_lag_12h,Cloud cover lag 12h,0.0012253138358738517,mean_abs_shap,165
target_aqi_24h,random_forest,pm10_rolling_std_6h,PM10 rolling std 6h,0.001211405540483883,mean_abs_shap,166
target_aqi_24h,random_forest,pm2_5_rolling_std_6h,PM2.5 rolling std 6h,0.0010782744811930372,mean_abs_shap,167
target_aqi_24h,random_forest,wind_speed_10m_rolling_std_3h,Wind speed rolling std 3h,0.001002243780596328,mean_abs_shap,168
target_aqi_24h,random_forest,temperature_2m_rolling_std_6h,Temperature rolling std 6h,0.0010018684759141299,mean_abs_shap,169
target_aqi_24h,random_forest,temperature_2m_rolling_std_3h,Temperature rolling std 3h,0.0009644412887412825,mean_abs_shap,170
target_aqi_24h,random_forest,pm10_change_1h,PM10 change 1h,0.0008395114576809159,mean_abs_shap,171
target_aqi_24h,random_forest,us_aqi_rolling_std_3h,US AQI rolling std 3h,0.0005209158771885513,mean_abs_shap,172
target_aqi_24h,random_forest,precipitation_lag_48h,precipitation lag 48h,0.0005187246548540976,mean_abs_shap,173
target_aqi_24h,random_forest,precipitation_lag_72h,precipitation lag 72h,0.0004654943416031763,mean_abs_shap,174
target_aqi_24h,random_forest,precipitation_lag_3h,precipitation lag 3h,0.0003809867269849576,mean_abs_shap,175
target_aqi_24h,random_forest,precipitation_lag_12h,precipitation lag 12h,0.00033339392803589463,mean_abs_shap,176
target_aqi_24h,random_forest,aqi_change_1h,AQI change 1h,0.00023929993520254794,mean_abs_shap,177
target_aqi_24h,random_forest,precipitation_lag_24h,precipitation lag 24h,0.00014216680435239976,mean_abs_shap,178
target_aqi_24h,random_forest,precipitation_lag_6h,precipitation lag 6h,0.00012375998184141913,mean_abs_shap,179
target_aqi_24h,random_forest,precipitation,precipitation,0.00011334126719536011,mean_abs_shap,180
target_aqi_24h,random_forest,precipitation_lag_1h,precipitation lag 1h,3.177601282863075e-05,mean_abs_shap,181
target_aqi_24h,random_forest,latitude,latitude,0.0,mean_abs_shap,182
target_aqi_24h,random_forest,longitude,longitude,0.0,mean_abs_shap,183
target_aqi_72h,random_forest,wind_speed_10m_rolling_mean_72h,Wind speed rolling mean 72h,2.6912784570328583,mean_abs_shap,1
target_aqi_72h,random_forest,us_aqi_rolling_std_72h,US AQI rolling std 72h,1.8584545903062941,mean_abs_shap,2
target_aqi_72h,random_forest,temperature_2m_rolling_std_24h,Temperature rolling std 24h,1.6078832048228209,mean_abs_shap,3
target_aqi_72h,random_forest,pm10_rolling_std_72h,PM10 rolling std 72h,0.964479687302035,mean_abs_shap,4
target_aqi_72h,random_forest,day_of_month,Day of month,0.8947521938806444,mean_abs_shap,5
target_aqi_72h,random_forest,relative_humidity_2m_lag_6h,Humidity lag 6h,0.8134657382138587,mean_abs_shap,6
target_aqi_72h,random_forest,wind_speed_10m_rolling_std_72h,Wind speed rolling std 72h,0.4438690139027021,mean_abs_shap,7
target_aqi_72h,random_forest,temperature_2m_rolling_std_72h,Temperature rolling std 72h,0.4241001734592012,mean_abs_shap,8
target_aqi_72h,random_forest,wind_speed_10m_rolling_mean_24h,Wind speed rolling mean 24h,0.40039146153571364,mean_abs_shap,9
target_aqi_72h,random_forest,pressure_msl_lag_1h,Pressure lag 1h,0.2410369264100752,mean_abs_shap,10
target_aqi_72h,random_forest,pressure_msl,Pressure,0.21433159041501923,mean_abs_shap,11
target_aqi_72h,random_forest,pressure_msl_lag_48h,Pressure lag 48h,0.20225909276284926,mean_abs_shap,12
target_aqi_72h,random_forest,us_aqi_rolling_mean_48h,US AQI rolling mean 48h,0.19951171101709175,mean_abs_shap,13
target_aqi_72h,random_forest,wind_speed_10m_rolling_mean_48h,Wind speed rolling mean 48h,0.19115241316985576,mean_abs_shap,14
target_aqi_72h,random_forest,ozone_lag_6h,ozone lag 6h,0.18239944503096053,mean_abs_shap,15
target_aqi_72h,random_forest,us_aqi_lag_72h,US AQI lag 72h,0.17460688986942727,mean_abs_shap,16
target_aqi_72h,random_forest,temperature_2m_rolling_mean_72h,Temperature rolling mean 72h,0.1663265313826535,mean_abs_shap,17
target_aqi_72h,random_forest,pressure_msl_lag_3h,Pressure lag 3h,0.16486425308167948,mean_abs_shap,18
target_aqi_72h,random_forest,us_aqi_rolling_std_48h,US AQI rolling std 48h,0.15577139469305185,mean_abs_shap,19
target_aqi_72h,random_forest,aqi_change_24h,AQI change 24h,0.151427424178617,mean_abs_shap,20
target_aqi_72h,random_forest,pm10_rolling_mean_48h,PM10 rolling mean 48h,0.14453616837371727,mean_abs_shap,21
target_aqi_72h,random_forest,pressure_msl_lag_6h,Pressure lag 6h,0.14299743230348963,mean_abs_shap,22
target_aqi_72h,random_forest,wind_speed_10m_rolling_std_48h,Wind speed rolling std 48h,0.13891874107748686,mean_abs_shap,23
target_aqi_72h,random_forest,temperature_2m_rolling_mean_24h,Temperature rolling mean 24h,0.12501592110341084,mean_abs_shap,24
target_aqi_72h,random_forest,pressure_msl_lag_72h,Pressure lag 72h,0.11800731920383281,mean_abs_shap,25
target_aqi_72h,random_forest,us_aqi_lag_48h,US AQI lag 48h,0.11563238681873587,mean_abs_shap,26
target_aqi_72h,random_forest,pressure_msl_lag_12h,Pressure lag 12h,0.1128454257121851,mean_abs_shap,27
target_aqi_72h,random_forest,pm2_5_rolling_std_72h,PM2.5 rolling std 72h,0.10448069022858619,mean_abs_shap,28
target_aqi_72h,random_forest,pm10_rolling_std_48h,PM10 rolling std 48h,0.09730342632278854,mean_abs_shap,29
target_aqi_72h,random_forest,day_of_week,Day of week,0.0943184302611927,mean_abs_shap,30
target_aqi_72h,random_forest,temperature_2m_rolling_mean_48h,Temperature rolling mean 48h,0.08343478467171615,mean_abs_shap,31
target_aqi_72h,random_forest,us_aqi_lag_24h,US AQI lag 24h,0.08050807972432433,mean_abs_shap,32
target_aqi_72h,random_forest,us_aqi_rolling_mean_72h,US AQI rolling mean 72h,0.07713616134626163,mean_abs_shap,33
target_aqi_72h,random_forest,pm2_5_rolling_mean_72h,PM2.5 rolling mean 72h,0.07045693599013919,mean_abs_shap,34
target_aqi_72h,random_forest,temperature_2m_rolling_std_48h,Temperature rolling std 48h,0.06954607417629681,mean_abs_shap,35
target_aqi_72h,random_forest,pm2_5_rolling_mean_24h,PM2.5 rolling mean 24h,0.06902889706192972,mean_abs_shap,36
target_aqi_72h,random_forest,us_aqi_lag_12h,US AQI lag 12h,0.054839421018672736,mean_abs_shap,37
target_aqi_72h,random_forest,us_aqi_rolling_mean_12h,US AQI rolling mean 12h,0.05005565943606388,mean_abs_shap,38
target_aqi_72h,random_forest,pm2_5_rolling_mean_48h,PM2.5 rolling mean 48h,0.04876515066674647,mean_abs_shap,39
target_aqi_72h,random_forest,pm10_lag_12h,PM10 lag 12h,0.04561869494915725,mean_abs_shap,40
target_aqi_72h,random_forest,pm10_rolling_mean_72h,PM10 rolling mean 72h,0.04207596568325665,mean_abs_shap,41
target_aqi_72h,random_forest,wind_speed_10m_rolling_std_24h,Wind speed rolling std 24h,0.03805084647336765,mean_abs_shap,42
target_aqi_72h,random_forest,us_aqi_rolling_mean_24h,US AQI rolling mean 24h,0.03591247681377134,mean_abs_shap,43
target_aqi_72h,random_forest,us_aqi_rolling_std_6h,US AQI rolling std 6h,0.030264407445823892,mean_abs_shap,44
target_aqi_72h,random_forest,temperature_2m_lag_6h,Temperature lag 6h,0.026883427105889795,mean_abs_shap,45
target_aqi_72h,random_forest,wind_speed_10m_rolling_mean_6h,Wind speed rolling mean 6h,0.026749566657446218,mean_abs_shap,46
target_aqi_72h,random_forest,pm10_rolling_mean_24h,PM10 rolling mean 24h,0.024371708090074256,mean_abs_shap,47
target_aqi_72h,random_forest,us_aqi_rolling_mean_6h,US AQI rolling mean 6h,0.02422789753994393,mean_abs_shap,48
target_aqi_72h,random_forest,pm10_rolling_std_24h,PM10 rolling std 24h,0.023651928703202964,mean_abs_shap,49
target_aqi_72h,random_forest,us_aqi_rolling_std_3h,US AQI rolling std 3h,0.023241831439262194,mean_abs_shap,50
target_aqi_72h,random_forest,sulphur_dioxide_lag_72h,SO2 lag 72h,0.021029152017188708,mean_abs_shap,51
target_aqi_72h,random_forest,pm2_5_lag_72h,PM2.5 lag 72h,0.01930691972943459,mean_abs_shap,52
target_aqi_72h,random_forest,pm2_5_rolling_std_24h,PM2.5 rolling std 24h,0.018329907115840007,mean_abs_shap,53
target_aqi_72h,random_forest,us_aqi_rolling_std_24h,US AQI rolling std 24h,0.01815504629049705,mean_abs_shap,54
target_aqi_72h,random_forest,pm10_rolling_std_12h,PM10 rolling std 12h,0.017236804073981093,mean_abs_shap,55
target_aqi_72h,random_forest,pm2_5_rolling_std_48h,PM2.5 rolling std 48h,0.01653799527220026,mean_abs_shap,56
target_aqi_72h,random_forest,is_weekend,is weekend,0.01645486767105067,mean_abs_shap,57
target_aqi_72h,random_forest,pm2_5,PM2.5,0.013833707912214452,mean_abs_shap,58
target_aqi_72h,random_forest,carbon_monoxide_lag_6h,CO lag 6h,0.013023323665399053,mean_abs_shap,59
target_aqi_72h,random_forest,sulphur_dioxide_lag_48h,SO2 lag 48h,0.01131125982261958,mean_abs_shap,60
target_aqi_72h,random_forest,cloud_cover_lag_48h,Cloud cover lag 48h,0.011299871140155685,mean_abs_shap,61
target_aqi_72h,random_forest,wind_speed_10m_lag_6h,Wind speed lag 6h,0.011050062567697834,mean_abs_shap,62
target_aqi_72h,random_forest,pm10_rolling_std_6h,PM10 rolling std 6h,0.010697293486753471,mean_abs_shap,63
target_aqi_72h,random_forest,pm10_lag_72h,PM10 lag 72h,0.010449810466562074,mean_abs_shap,64
target_aqi_72h,random_forest,pm2_5_lag_12h,PM2.5 lag 12h,0.010281068735091997,mean_abs_shap,65
target_aqi_72h,random_forest,pm10_lag_6h,PM10 lag 6h,0.010181774201067756,mean_abs_shap,66
target_aqi_72h,random_forest,us_aqi_rolling_std_12h,US AQI rolling std 12h,0.010179405054045923,mean_abs_shap,67
target_aqi_72h,random_forest,ozone_lag_12h,ozone lag 12h,0.008244710197922995,mean_abs_shap,68
target_aqi_72h,random_forest,us_aqi,US AQI,0.008219361848541192,mean_abs_shap,69
target_aqi_72h,random_forest,carbon_monoxide_lag_12h,CO lag 12h,0.007961198898793341,mean_abs_shap,70
target_aqi_72h,random_forest,pm2_5_rolling_std_12h,PM2.5 rolling std 12h,0.007947006883615193,mean_abs_shap,71
target_aqi_72h,random_forest,us_aqi_lag_6h,US AQI lag 6h,0.00786657650615959,mean_abs_shap,72
target_aqi_72h,random_forest,pm2_5_rolling_mean_12h,PM2.5 rolling mean 12h,0.0078098318285651416,mean_abs_shap,73
target_aqi_72h,random_forest,cloud_cover_lag_1h,Cloud cover lag 1h,0.0075468672575463875,mean_abs_shap,74
target_aqi_72h,random_forest,ozone_lag_3h,ozone lag 3h,0.0075363097128700145,mean_abs_shap,75
target_aqi_72h,random_forest,wind_speed_10m_rolling_mean_12h,Wind speed rolling mean 12h,0.007529015246698482,mean_abs_shap,76
target_aqi_72h,random_forest,pressure_msl_lag_24h,Pressure lag 24h,0.00743901761143073,mean_abs_shap,77
target_aqi_72h,random_forest,wind_direction_10m_lag_12h,Wind direction lag 12h,0.007234792454098479,mean_abs_shap,78
target_aqi_72h,random_forest,pm2_5_lag_3h,PM2.5 lag 3h,0.007208659495701897,mean_abs_shap,79
target_aqi_72h,random_forest,sulphur_dioxide_lag_12h,SO2 lag 12h,0.006946971065443819,mean_abs_shap,80
target_aqi_72h,random_forest,sulphur_dioxide_lag_6h,SO2 lag 6h,0.006928683037889291,mean_abs_shap,81
target_aqi_72h,random_forest,pm2_5_lag_6h,PM2.5 lag 6h,0.006790921953915775,mean_abs_shap,82
target_aqi_72h,random_forest,wind_direction_10m_lag_6h,Wind direction lag 6h,0.0066226235672157295,mean_abs_shap,83
target_aqi_72h,random_forest,carbon_monoxide,CO,0.00649088998475463,mean_abs_shap,84
target_aqi_72h,random_forest,wind_speed_10m_rolling_std_6h,Wind speed rolling std 6h,0.0062975612092564135,mean_abs_shap,85
target_aqi_72h,random_forest,us_aqi_rolling_mean_3h,US AQI rolling mean 3h,0.006162262532648651,mean_abs_shap,86
target_aqi_72h,random_forest,pm10_lag_3h,PM10 lag 3h,0.006105496630301918,mean_abs_shap,87
target_aqi_72h,random_forest,pm10_lag_1h,PM10 lag 1h,0.006005435801686464,mean_abs_shap,88
target_aqi_72h,random_forest,temperature_2m_lag_12h,Temperature lag 12h,0.005959393877428765,mean_abs_shap,89
target_aqi_72h,random_forest,pm2_5_rolling_mean_3h,PM2.5 rolling mean 3h,0.00582992786695288,mean_abs_shap,90
target_aqi_72h,random_forest,wind_speed_10m_lag_72h,Wind speed lag 72h,0.00576761061382515,mean_abs_shap,91
target_aqi_72h,random_forest,nitrogen_dioxide_lag_72h,NO2 lag 72h,0.005763692985673262,mean_abs_shap,92
target_aqi_72h,random_forest,pm2_5_lag_1h,PM2.5 lag 1h,0.0057529466363522835,mean_abs_shap,93
target_aqi_72h,random_forest,pm2_5_rolling_mean_6h,PM2.5 rolling mean 6h,0.0056276988396613105,mean_abs_shap,94
target_aqi_72h,random_forest,wind_speed_10m_lag_48h,Wind speed lag 48h,0.005523581888250645,mean_abs_shap,95
target_aqi_72h,random_forest,sulphur_dioxide_lag_3h,SO2 lag 3h,0.005450720812274539,mean_abs_shap,96
target_aqi_72h,random_forest,pm10_rolling_mean_12h,PM10 rolling mean 12h,0.005418772047293447,mean_abs_shap,97
target_aqi_72h,random_forest,pm10,PM10,0.005407262429022692,mean_abs_shap,98
target_aqi_72h,random_forest,wind_speed_10m_lag_3h,Wind speed lag 3h,0.005212422042093812,mean_abs_shap,99
target_aqi_72h,random_forest,pm2_5_lag_48h,PM2.5 lag 48h,0.005128315962722959,mean_abs_shap,100
target_aqi_72h,random_forest,wind_speed_10m_rolling_std_12h,Wind speed rolling std 12h,0.005105261622535546,mean_abs_shap,101
target_aqi_72h,random_forest,sulphur_dioxide_lag_1h,SO2 lag 1h,0.005063330169165945,mean_abs_shap,102
target_aqi_72h,random_forest,temperature_2m_lag_48h,Temperature lag 48h,0.005056934097700699,mean_abs_shap,103
target_aqi_72h,random_forest,nitrogen_dioxide,NO2,0.004907561422741277,mean_abs_shap,104
target_aqi_72h,random_forest,carbon_monoxide_lag_24h,CO lag 24h,0.00489698969658744,mean_abs_shap,105
target_aqi_72h,random_forest,wind_direction_10m_lag_48h,Wind direction lag 48h,0.004803469009172681,mean_abs_shap,106
target_aqi_72h,random_forest,cloud_cover_lag_6h,Cloud cover lag 6h,0.00472538079250731,mean_abs_shap,107
target_aqi_72h,random_forest,wind_speed_10m_rolling_mean_3h,Wind speed rolling mean 3h,0.0046968538916290666,mean_abs_shap,108
target_aqi_72h,random_forest,pm10_rolling_mean_6h,PM10 rolling mean 6h,0.004506496832126095,mean_abs_shap,109
target_aqi_72h,random_forest,us_aqi_lag_1h,US AQI lag 1h,0.00437972561843721,mean_abs_shap,110
target_aqi_72h,random_forest,cloud_cover_lag_3h,Cloud cover lag 3h,0.004338080992551442,mean_abs_shap,111
target_aqi_72h,random_forest,temperature_2m_lag_72h,Temperature lag 72h,0.004313319991470887,mean_abs_shap,112
target_aqi_72h,random_forest,nitrogen_dioxide_lag_24h,NO2 lag 24h,0.003980109425569296,mean_abs_shap,113
target_aqi_72h,random_forest,temperature_2m_lag_1h,Temperature lag 1h,0.003953254652136825,mean_abs_shap,114
target_aqi_72h,random_forest,carbon_monoxide_lag_1h,CO lag 1h,0.0039017132060582688,mean_abs_shap,115
target_aqi_72h,random_forest,pm10_lag_48h,PM10 lag 48h,0.0038668488756515196,mean_abs_shap,116
target_aqi_72h,random_forest,ozone_lag_72h,ozone lag 72h,0.0037713941004321656,mean_abs_shap,117
target_aqi_72h,random_forest,pm10_rolling_std_3h,PM10 rolling std 3h,0.003703599917166513,mean_abs_shap,118
target_aqi_72h,random_forest,wind_direction_10m_lag_1h,Wind direction lag 1h,0.0036603050561590587,mean_abs_shap,119
target_aqi_72h,random_forest,temperature_2m_rolling_mean_12h,Temperature rolling mean 12h,0.0036569145952286297,mean_abs_shap,120
target_aqi_72h,random_forest,nitrogen_dioxide_lag_48h,NO2 lag 48h,0.0036358825305016712,mean_abs_shap,121
target_aqi_72h,random_forest,pm10_rolling_mean_3h,PM10 rolling mean 3h,0.0035498169567417417,mean_abs_shap,122
target_aqi_72h,random_forest,ozone_lag_48h,ozone lag 48h,0.0034638210040733733,mean_abs_shap,123
target_aqi_72h,random_forest,sulphur_dioxide_lag_24h,SO2 lag 24h,0.003461508535120436,mean_abs_shap,124
target_aqi_72h,random_forest,us_aqi_lag_3h,US AQI lag 3h,0.0034356294967177723,mean_abs_shap,125
target_aqi_72h,random_forest,wind_speed_10m_lag_12h,Wind speed lag 12h,0.0034340222859483792,mean_abs_shap,126
target_aqi_72h,random_forest,carbon_monoxide_lag_72h,CO lag 72h,0.00325482652357704,mean_abs_shap,127
target_aqi_72h,random_forest,ozone_lag_24h,ozone lag 24h,0.0031380921909987926,mean_abs_shap,128
target_aqi_72h,random_forest,pm2_5_lag_24h,PM2.5 lag 24h,0.0031041947516942483,mean_abs_shap,129
target_aqi_72h,random_forest,pm10_lag_24h,PM10 lag 24h,0.003095617460549645,mean_abs_shap,130
target_aqi_72h,random_forest,pm2_5_rolling_std_6h,PM2.5 rolling std 6h,0.003019081943527276,mean_abs_shap,131
target_aqi_72h,random_forest,wind_direction_10m_lag_3h,Wind direction lag 3h,0.0029947576752274033,mean_abs_shap,132
target_aqi_72h,random_forest,wind_direction_10m_lag_72h,Wind direction lag 72h,0.0028852949135346083,mean_abs_shap,133
target_aqi_72h,random_forest,wind_speed_10m_lag_24h,Wind speed lag 24h,0.0028820278240209605,mean_abs_shap,134
target_aqi_72h,random_forest,carbon_monoxide_lag_3h,CO lag 3h,0.0028769439978905695,mean_abs_shap,135
target_aqi_72h,random_forest,relative_humidity_2m,Humidity,0.0028414721784646986,mean_abs_shap,136
target_aqi_72h,random_forest,relative_humidity_2m_lag_72h,Humidity lag 72h,0.0028345683491363613,mean_abs_shap,137
target_aqi_72h,random_forest,cloud_cover_lag_24h,Cloud cover lag 24h,0.0027521568530211623,mean_abs_shap,138
target_aqi_72h,random_forest,nitrogen_dioxide_lag_3h,NO2 lag 3h,0.0027398534094980826,mean_abs_shap,139
target_aqi_72h,random_forest,wind_direction_10m,Wind direction,0.0027081654220951707,mean_abs_shap,140
target_aqi_72h,random_forest,cloud_cover,Cloud cover,0.002704540768083709,mean_abs_shap,141
target_aqi_72h,random_forest,wind_speed_10m,Wind speed,0.002699749229534019,mean_abs_shap,142
target_aqi_72h,random_forest,wind_speed_10m_rolling_std_3h,Wind speed rolling std 3h,0.002680590997947685,mean_abs_shap,143
target_aqi_72h,random_forest,nitrogen_dioxide_lag_12h,NO2 lag 12h,0.0026362944713603817,mean_abs_shap,144
target_aqi_72h,random_forest,temperature_2m_rolling_mean_6h,Temperature rolling mean 6h,0.0025626205944257684,mean_abs_shap,145
target_aqi_72h,random_forest,ozone_lag_1h,ozone lag 1h,0.002531664429144653,mean_abs_shap,146
target_aqi_72h,random_forest,relative_humidity_2m_lag_24h,Humidity lag 24h,0.002512342014611072,mean_abs_shap,147
target_aqi_72h,random_forest,cloud_cover_lag_72h,Cloud cover lag 72h,0.002497585795199183,mean_abs_shap,148
target_aqi_72h,random_forest,temperature_2m,Temperature,0.002480468701553751,mean_abs_shap,149
target_aqi_72h,random_forest,sulphur_dioxide,SO2,0.0024687280775562924,mean_abs_shap,150
target_aqi_72h,random_forest,hour,hour,0.0024262182949694026,mean_abs_shap,151
target_aqi_72h,random_forest,pm10_change_1h,PM10 change 1h,0.0023711960424610164,mean_abs_shap,152
target_aqi_72h,random_forest,ozone,ozone,0.0023596654127781723,mean_abs_shap,153
target_aqi_72h,random_forest,nitrogen_dioxide_lag_6h,NO2 lag 6h,0.002359555330720852,mean_abs_shap,154
target_aqi_72h,random_forest,cloud_cover_lag_12h,Cloud cover lag 12h,0.002271512177502361,mean_abs_shap,155
target_aqi_72h,random_forest,nitrogen_dioxide_lag_1h,NO2 lag 1h,0.002219063528876888,mean_abs_shap,156
target_aqi_72h,random_forest,temperature_2m_rolling_std_12h,Temperature rolling std 12h,0.002185971084312323,mean_abs_shap,157
target_aqi_72h,random_forest,temperature_2m_rolling_mean_3h,Temperature rolling mean 3h,0.002145061833225289,mean_abs_shap,158
target_aqi_72h,random_forest,wind_direction_10m_lag_24h,Wind direction lag 24h,0.0021022159009941145,mean_abs_shap,159
target_aqi_72h,random_forest,relative_humidity_2m_lag_12h,Humidity lag 12h,0.0018224527678249796,mean_abs_shap,160
target_aqi_72h,random_forest,wind_speed_10m_lag_1h,Wind speed lag 1h,0.0017831117954931093,mean_abs_shap,161
target_aqi_72h,random_forest,relative_humidity_2m_lag_1h,Humidity lag 1h,0.0016098919475983787,mean_abs_shap,162
target_aqi_72h,random_forest,aqi_change_1h,AQI change 1h,0.0016064909338264642,mean_abs_shap,163
target_aqi_72h,random_forest,relative_humidity_2m_lag_48h,Humidity lag 48h,0.0016036286460490087,mean_abs_shap,164
target_aqi_72h,random_forest,pm2_5_change_1h,PM2.5 change 1h,0.0016005589289418414,mean_abs_shap,165
target_aqi_72h,random_forest,temperature_2m_lag_24h,Temperature lag 24h,0.001519750574827432,mean_abs_shap,166
target_aqi_72h,random_forest,carbon_monoxide_lag_48h,CO lag 48h,0.0014036730970375495,mean_abs_shap,167
target_aqi_72h,random_forest,temperature_2m_lag_3h,Temperature lag 3h,0.0013522095881720972,mean_abs_shap,168
target_aqi_72h,random_forest,month,month,0.001197442011868553,mean_abs_shap,169
target_aqi_72h,random_forest,temperature_2m_rolling_std_3h,Temperature rolling std 3h,0.0011379570191450826,mean_abs_shap,170
target_aqi_72h,random_forest,relative_humidity_2m_lag_3h,Humidity lag 3h,0.0011178886560985204,mean_abs_shap,171
target_aqi_72h,random_forest,temperature_2m_rolling_std_6h,Temperature rolling std 6h,0.0010890399196562559,mean_abs_shap,172
target_aqi_72h,random_forest,pm2_5_rolling_std_3h,PM2.5 rolling std 3h,0.0010656999488407608,mean_abs_shap,173
target_aqi_72h,random_forest,precipitation_lag_72h,precipitation lag 72h,0.00080743784868093,mean_abs_shap,174
target_aqi_72h,random_forest,precipitation_lag_1h,precipitation lag 1h,0.0007406484367739938,mean_abs_shap,175
target_aqi_72h,random_forest,precipitation_lag_3h,precipitation lag 3h,0.0006165920959996235,mean_abs_shap,176
target_aqi_72h,random_forest,precipitation,precipitation,0.0002803296684344831,mean_abs_shap,177
target_aqi_72h,random_forest,precipitation_lag_48h,precipitation lag 48h,0.00021325558768265005,mean_abs_shap,178
target_aqi_72h,random_forest,precipitation_lag_6h,precipitation lag 6h,0.0002108806952306744,mean_abs_shap,179
target_aqi_72h,random_forest,precipitation_lag_24h,precipitation lag 24h,0.00016410038916305446,mean_abs_shap,180
target_aqi_72h,random_forest,precipitation_lag_12h,precipitation lag 12h,0.00016395423868322462,mean_abs_shap,181
target_aqi_72h,random_forest,latitude,latitude,0.0,mean_abs_shap,182
target_aqi_72h,random_forest,longitude,longitude,0.0,mean_abs_shap,183
