target,model,mae,rmse,r2
target_aqi_24h,current_aqi_baseline,9.549019607843137,11.826565311146915,-0.048619610494911925
target_aqi_24h,random_forest,8.80287497726981,11.898094247330862,-0.06134240350259623
target_aqi_24h,ridge,12.451263261446403,15.596039629877891,-0.8235990885762372
target_aqi_48h,current_aqi_baseline,13.5,15.253896962711517,-0.6495428343524867
target_aqi_48h,random_forest,13.976276357246451,17.10229254431833,-1.0735315251450603
target_aqi_48h,ridge,15.983943563669863,22.212037477853183,-2.4976695464522325
target_aqi_72h,current_aqi_baseline,15.33578431372549,18.532628883494464,-1.4565714500794806
target_aqi_72h,random_forest,14.795879116450026,19.431141459920443,-1.7005484237297517
target_aqi_72h,ridge,17.368228364294353,23.3446960398807,-2.8979098374006833
